54.2265876164199,12.1105546546745,-8.94177494191495,11.885077250453,-0.740876540468318,-15.1608493557008,-1.63548483804549,1.2720737260676,1.64876293358704,-2.72469387024271,9.97233950270544,2.82737248062408,2.58052635069609,13.7833218825597,4.1147789431236,-4.76024257419743,3.14797483748783,4.5108043723331,7.91469523551464,1.65080424476322,-0.996943868851092,-10.3692635637194,8.41673248055429,-11.0563585896416,-12.0030717176596,11.2818448299551,-14.964558655609,-4.52758114546523,5.67808265054587,-8.58839096837918,-0.0768360481533518,-0.573947590359598,8.51400440679468,-6.63374348617263,0.426128872527944,-3.6650116095555,-8.43905875161888,7.24775329090017,-11.4035492520167,-4.73608762473601,-6.84253018656252,-11.0445314246476,-3.39803004009024,3.98314076156146,5.66525824008512,-7.8337463494959,-2.35162115923147,-1.18190713665484,-8.80195039194007,3.57363319676291,-13.6425721102003,5.32491470536742,2.15257408380676,3.43215222894105,11.5744634669976,13.0480366494083,2.3079966801457,12.1070853869435,-4.72736400354746,4.90410077790613,-0.491952539999467
12.1105546546745,54.5879721518611,-13.2411020042888,-4.88264310776855,3.38872608269519,4.12034308132584,-3.89851381368461,-7.20635181338366,5.82281253113325,-8.59911309449675,0.862379133935208,-10.4634569814185,8.67490335928063,3.98540874019645,-20.6249993752481,2.45500683184613,5.51707450435401,-9.77974937853112,0.827013079547071,15.2728707906657,-3.93020135692526,6.45774454011745,5.67220754417488,-9.11455349794581,-7.37570273027701,18.9785533950085,4.5590062093014,-9.54386772281978,7.58883259468625,-8.66320513056282,-8.26756280016376,-5.31485692335163,2.91931423836638,8.16016781497821,1.92484404475756,4.68605363026044,-0.0883800252488557,-0.484231647417133,-12.168120784624,-10.5445999312406,-0.454269696171905,-3.21923721094921,-1.99298410569712,1.49778837197612,-13.0608619609228,6.43861144372809,-11.8824532519382,-6.84148289366779,-9.13354291457712,-4.32979499570158,-3.46437596083585,-3.672255453755,-2.98129006626634,1.36707212803355,-3.10354311537487,2.91258779984146,0.567895570560468,-1.05920045458566,4.10459144267806,15.6120686802199,0.406655286272398
-8.94177494191495,-13.2411020042888,48.4565572512554,-1.98357296899076,2.00032316159281,8.31141085824375,2.10899087309157,-3.61563326812317,-0.114831972706825,-5.59601007494718,-12.2877860529322,5.12209807173864,-0.254552487918655,13.1823627416061,2.14489854055334,1.54759892618252,16.1090259671313,11.3653196700342,8.02168388985013,4.20652408413211,-3.70814042511273,5.86146387014583,-6.67226639264874,6.91994730399551,7.11410707913793,-10.9524614229992,-0.571833730339038,-2.80638983838135,-11.9171114565251,-0.515479717559962,-3.76634256549901,-2.96344145221316,2.04756316918832,-6.2431436045989,2.65627929577211,-11.4340746337182,5.06561620052719,-7.9294573074642,-3.8034965004992,3.82013324337512,11.1028486128576,1.03579231132024,5.01408070215896,-6.39227369463864,-0.135332371220699,0.843819658700854,-5.16440004954181,3.02940056843849,7.03455884910871,3.78035323396871,5.95605218382764,-8.23240789085365,2.99505936789606,-5.62011321470131,12.2892081519399,6.50382253328536,3.52692820855937,-6.15089000029412,1.22691071124359,-8.45745554386897,1.08223736651699
11.885077250453,-4.88264310776855,-1.98357296899076,65.0616770439836,-0.999695226185087,-3.04653155626927,0.861187460311149,0.275239302989754,5.04643962922727,0.995061975982356,-2.89932393256505,-0.703390047715624,2.6527636365345,15.8519994545746,23.1505591915282,-7.16510759440394,-4.41794541973174,1.62334467797043,1.23161316171801,-7.04949360833293,2.38881970440362,-5.53369511990975,-1.2544479108144,1.72933393672649,4.48863815206459,-0.38821121194982,-10.5927438712678,12.6102484092791,2.57432003351619,-9.96753279616301,7.40622757356193,4.0277647931142,-17.042735520393,-1.86001464218426,8.27210068714415,5.91398647070493,6.19528379376529,-1.86012436354373,-7.47978116069418,8.30539145582966,-7.22320853691562,7.0314126227427,11.5907291994402,10.4282638169014,22.7140286488068,-1.84432999161592,-7.85782887949131,2.59922280979162,2.2223143897091,5.03901643535174,0.0343427324556647,0.620268706304102,13.329511433173,-4.36667778505403,-0.144476649213112,22.1453301415339,-2.21384881447891,11.2527735342652,-7.95077067916091,-8.40409777097901,1.14480564412793
-0.740876540468318,3.38872608269519,2.00032316159281,-0.999695226185087,71.3680052869841,10.8800223019602,13.3918654365776,1.87821887509033,3.17854772216226,-2.65719236540337,5.05113122263894,-10.5309042462025,2.97976636371806,-14.1005465036996,13.4927348699072,3.44706977439343,-6.39440916100137,4.06225705788634,-1.34915882096795,-2.16760264349743,1.75215275887393,-0.118506410908399,0.974873738949246,6.77686947518395,-3.07385061848956,6.74370653523271,-13.2014467897493,5.9513629673552,-2.36576295695702,11.4866759712397,-18.1089097245383,1.81333186985886,-12.9152462267792,-2.53262521027402,-1.41398823992246,-22.6011989679435,-3.1318423922242,14.1336379616898,1.46104646077917,14.1537338643058,-6.98261941811887,-3.48398222014783,-0.313002528271103,-6.82212075105919,-14.1309793434936,-1.93685870750317,-3.81964387100592,4.36181831256305,3.8091294391476,-0.300805381467228,-3.22830241252043,-1.77938888371306,17.124825808542,-3.68407053169952,-0.784562618605264,-3.54782923159055,7.49151878289504,7.93495620858647,-1.44773833492359,-9.84928181484487,-0.41265982016786
-15.1608493557008,4.12034308132584,8.31141085824375,-3.04653155626927,10.8800223019602,73.5922763414455,15.2028411622541,1.70269522756974,-3.68817757931929,-5.43387259721467,-5.66276452741409,-5.15247025527281,17.5034992459094,-6.91577536348108,-7.15398693437946,0.513330951677045,4.52526798169413,6.09043242521543,5.73889456219958,-6.16499114512423,-3.00301991507152,-3.94333853136016,-6.51469189344398,-6.04231081809052,-0.0281814264572245,-3.63594107309669,3.43086230785867,2.34686869864957,-3.81595216803608,-2.82713869949741,-6.27370296193364,-8.46693300749918,-11.700401991988,-12.6450123743766,-6.66258874202997,-2.36750146486557,12.7453331892065,3.76402182250419,2.27293684620795,7.16688869855013,4.5849621326531,-4.76252573574098,-13.2841214335009,-14.6319988459072,-10.822471389123,5.69590280209094,5.34866726558904,0.141530062564589,1.01918834962537,-7.18628123011312,8.95936090758071,-23.725831379624,-1.7301038334819,-14.6134055143343,-2.05207710570888,6.65299690676791,7.90779481116386,-18.9628881073503,3.43122721089634,-19.5689093274466,-2.17863845843904
-1.63548483804549,-3.89851381368461,2.10899087309157,0.861187460311149,13.3918654365776,15.2028411622541,60.1328677343817,2.65222921062875,-8.90907458529815,-6.73255233152684,-9.77236512422539,9.99803888257847,-9.01667583843348,-4.75044810062874,2.57708949419055,-3.25627796868935,1.71484709551173,4.96729624323481,15.9523042754045,-5.72981274284975,5.80073052243148,-0.301702408291658,0.204633842009101,-2.9372091998156,-5.17756577334774,0.94840752612451,-3.96038215336433,11.7077063512218,-7.18651556110815,-14.9830031196631,-6.26156175804727,-5.97708218861734,-18.7358665546752,1.76235461945707,-1.23561499918659,-9.05035962605251,9.25340930651208,17.6562693364426,-2.36437748048683,6.20542729781457,-13.057886680084,-11.462052273322,-13.93532668955,1.75725624010304,-10.0001829659412,-2.99354833813596,-8.81103789046401,8.18527030768354,-1.43011645377569,3.6895496812851,-0.729610394797951,1.43035463024794,-11.6956527733658,1.32772185171802,-1.13135589658496,8.409249962227,9.28395726624297,-1.50174651771463,3.06477540629981,-1.13840156422756,0.377455024552456
1.2720737260676,-7.20635181338366,-3.61563326812317,0.275239302989754,1.87821887509033,1.70269522756974,2.65222921062875,58.5974622946301,-5.69473778852415,-5.37171827418143,16.2611121386624,13.3009249824212,-5.02837480480006,7.1705270563657,3.13794187772614,4.85830594085206,-1.54160885884548,1.07120688317858,8.82891159522222,-3.98099125309956,-1.90414447135981,-5.40436932488791,7.78009569025549,-7.23819559834018,9.44337169961638,-1.79827914975621,-1.46553310370396,-1.49367113559392,-15.8745846713475,3.46688934977429,-1.22786056106578,-10.1332067776084,-8.01090398782255,-6.60749616826498,-2.9759045020019,0.609526333343772,-10.1277991941584,-3.83959989283997,1.97016785040161,-0.344706119104893,-0.736942712858706,-12.2513062051988,3.87158192680236,13.0014634684261,-0.740546182565935,-7.69759855205758,20.2395484419385,9.60042274021436,7.97382031418872,8.77951218535413,10.5080780534085,8.28183330659377,-5.88874429207672,14.5414133905477,-2.19280024963712,-8.55410866146345,1.64927597895111,-6.39561137819271,6.34039318227485,-4.18432191227362,-1.98464113847635
1.64876293358704,5.82281253113325,-0.114831972706825,5.04643962922727,3.17854772216226,-3.68817757931929,-8.90907458529815,-5.69473778852415,41.7287738693645,-4.13044415601027,1.77748039482618,-5.99526880507619,-0.873008928321071,1.0946215017235,1.80505093251261,-1.91361510259664,4.12657278292353,-5.42042555930449,2.27510831804631,1.68031441552866,-5.36914538750308,-0.0559300270690362,0.884137608006716,1.31813512549341,4.59776843844247,1.52634639690863,1.69687149068457,1.55359304448165,10.490122092424,9.69283150774824,6.72634031185253,-3.43358576097863,0.0161417425191764,-2.75360924378647,-1.67926829288239,10.216346349432,-6.51829074867713,0.15226882331203,5.74274251137028,15.2533986807551,7.67808582522838,9.42616820850261,16.3195849121408,2.99617854488885,-1.44993540029407,8.67180533819282,-7.85660148705193,-0.17719633952422,3.42660121607089,-0.96571034184884,-1.5446742915208,0.963031525202902,11.2999838532995,-7.51684499647958,3.99268607636746,5.07805667276995,6.86411100112575,-9.51785906076328,-2.10905675981966,-5.33287709677437,-0.854274550566715
-2.72469387024271,-8.59911309449675,-5.59601007494718,0.995061975982356,-2.65719236540337,-5.43387259721467,-6.73255233152684,-5.37171827418143,-4.13044415601027,57.3673027169845,-3.2217782278233,19.8620231537479,-10.5602049514245,-6.96628451679958,11.0594847992953,-4.43308291828865,-7.71371024482702,-3.43222374247466,-12.4621661695494,6.95415412647223,10.7413943728501,9.57576884207609,-2.38014045780211,-4.74292633803379,0.381168131473431,0.524783596808693,-4.80155822573549,0.642128649167644,2.52391337908823,6.46312606403835,-7.05848134133091,7.39698661918696,3.36155481092731,-9.77990747814132,5.24832966027373,2.78994796183175,4.09445046414555,8.26315812328261,-1.6000932728117,12.9057438929131,-2.19624376076192,8.78635836717196,-1.43318804111246,1.63247216251476,-5.27610423216365,5.62748705548613,1.7734371440779,6.42749204608099,-0.0693910604347118,-21.2603499142114,0.0918601381385532,-4.39428994372732,5.42837546545473,6.75655608238379,-0.974616611598003,-3.68043736834706,-6.08503430521117,12.8770256515109,-7.16876401669387,-0.690650762862697,0.931706903888481
9.97233950270544,0.862379133935208,-12.2877860529322,-2.89932393256505,5.05113122263894,-5.66276452741409,-9.77236512422539,16.2611121386624,1.77748039482618,-3.2217782278233,54.8182040602242,-13.2821353721045,3.03763008212903,0.788672643676372,-2.4295245000711,-3.34514228644474,-8.34727584486006,-7.66779063706484,-5.94867550451921,-4.81756232623525,-10.2252386144975,0.647549962154812,4.77606509787454,-3.86288199263505,-8.59625885904057,-2.7923266705469,-8.62488164429352,7.84225603490767,3.61183481464329,17.3135048362908,13.3318046523615,5.04783850763079,-7.74981095715858,0.892023619790928,-2.93328373103206,7.62126388658758,-16.9809749576079,-6.3261086097059,6.72460842954835,4.08672697059614,-5.43311456462859,-14.9552233887592,-3.24564608686317,-5.8692878193976,-7.02921808492848,-2.04523455200782,10.0068064355094,14.7974084368363,-9.92987236017505,14.6575736874022,-1.99452354034124,6.35317083020471,1.4430112705776,0.379564863291845,-0.953803283746865,0.340258085324141,-3.30895876690925,-15.7472902611114,8.40460929253176,5.98592399414304,-0.0561129149706073
2.82737248062408,-10.4634569814185,5.12209807173864,-0.703390047715624,-10.5309042462025,-5.15247025527281,9.99803888257847,13.3009249824212,-5.99526880507619,19.8620231537479,-13.2821353721045,64.2219090138273,-11.6611524364599,0.827717409902103,16.7204101585617,3.34278487659051,-1.94657399686396,1.43082344512223,-10.819532471081,2.88860112016729,10.1269658369498,5.92670478152066,2.81685896888981,0.775368051800705,4.13813027641588,-11.0144762853466,2.65845850467006,1.1092786292617,-11.5569487664533,3.82981006059359,-6.01021360086218,-7.6212198752557,3.07607279867099,0.200960489163866,2.87483848936326,7.44191235386949,4.48128016961568,-2.78923707832882,-15.0935944719468,-4.07360355839947,0.576759034814498,-1.94592656396096,5.42548866976795,12.3931036460919,-6.22164393321596,2.72255191029539,-0.862235563664437,5.49573092828625,11.6077967281917,-2.74970013557925,5.93344672116456,0.42623805222524,-8.52965683449327,8.8520909414105,4.59947228433784,-1.47086593962843,5.92902854445005,0.535124770866589,-1.71278086708214,-2.8087078549763,-1.0169357454279
2.58052635069609,8.67490335928063,-0.254552487918655,2.6527636365345,2.97976636371806,17.5034992459094,-9.01667583843348,-5.02837480480006,-0.873008928321071,-10.5602049514245,3.03763008212903,-11.6611524364599,54.5928239607029,5.25897105632404,0.889891458380124,-8.36417083054387,-13.1026075028137,-0.890662247455812,1.89297705719963,0.266696129871922,-0.0131452380287507,-4.71291701959777,0.0648951846121477,-4.80846094716347,-4.19931443417094,-7.02352518826776,8.85598125826504,2.2946884169465,2.56340475449444,6.81085752925171,9.23352053626219,-2.38766267843128,-2.2378148635786,3.40239775625519,-1.03369800149778,-1.21008168950305,9.57392632925945,-7.02342144087349,-9.15611857221957,-11.2942470090567,-0.372670311741483,24.0890728343889,-7.38939391632247,-16.3765534352458,0.0574446660191451,8.24790688613574,-7.17449253025405,-19.416572837516,-1.09127824863495,-0.18886712116438,0.189124962280739,-11.7334699012938,3.19834531347037,-1.88984891880036,5.73881544859135,-4.98237913099615,5.49551997684975,-5.97447087789435,4.30812738470135,-15.2846548209676,0.731954613276202
13.7833218825597,3.98540874019645,13.1823627416061,15.8519994545746,-14.1005465036996,-6.91577536348108,-4.75044810062874,7.1705270563657,1.0946215017235,-6.96628451679958,0.788672643676372,0.827717409902103,5.25897105632404,63.3501886048953,-0.431569977633381,-4.90031873073885,6.58203048838542,14.5612786375041,7.8740007751622,4.06769703740925,3.27742554371703,-8.63450040266906,-1.40127087247724,-13.6965189239494,6.24637520527688,4.30478492923483,-4.86242975755694,-0.707697048043041,6.92918852136321,-4.43163435758311,13.4431190919674,-2.66115495320747,11.8468649096556,0.763192396934098,0.959453411735808,1.81061070684044,-10.8867349847114,-9.56062060682791,-9.19274564156897,4.93758395882472,2.6498989891769,4.14833987589129,8.65389551965353,-4.32387915324106,0.18231403007114,3.28422929872793,-3.81614485032954,-10.9690780199592,-0.11709530240133,12.0367276768098,-7.37999618318693,-1.26049611059777,2.73296279698167,1.93661278493124,9.17573966068074,13.599396679586,14.2786629190046,2.43590533280242,3.47851536143459,-9.01920161540353,0.164792859457573
4.1147789431236,-20.6249993752481,2.14489854055334,23.1505591915282,13.4927348699072,-7.15398693437946,2.57708949419055,3.13794187772614,1.80505093251261,11.0594847992953,-2.4295245000711,16.7204101585617,0.889891458380124,-0.431569977633381,69.4265402612184,-8.37847755856535,-9.69505414220549,-2.85536179403436,-7.46732954701984,-8.96808354627967,-10.5877441839167,4.84153150450476,-6.67602076923344,1.64365594845844,7.76090297388598,-6.12342316993711,-5.08754418681958,4.3093471908789,-4.54489437878432,11.9738208071537,0.325051602377702,1.66411704872935,-20.3505136234575,0.891627560621234,3.21891676982518,2.80375731995262,3.70549540614623,2.39437515544463,-1.89185422026727,8.08784901784228,-2.69651310419949,8.92110072882262,-4.62192558078759,-0.42794126958136,4.02379446641861,-11.254794500612,4.53497618117812,4.15931439882847,7.64074434391892,0.00638119951235812,14.390663121756,5.5555563061535,12.5315212362289,3.31458051144392,-6.70418265405377,10.067825389359,-0.564270283120637,23.0989220523575,-7.74245798769575,-11.4131252715945,-1.21476779529537
-4.76024257419743,2.45500683184613,1.54759892618252,-7.16510759440394,3.44706977439343,0.513330951677045,-3.25627796868935,4.85830594085206,-1.91361510259664,-4.43308291828865,-3.34514228644474,3.34278487659051,-8.36417083054387,-4.90031873073885,-8.37847755856535,47.4288226094729,5.03194604654534,-11.2808199776811,3.5541171364974,4.43838027003694,1.39582089756863,7.34060599661495,-5.53714225315109,9.11377564475196,7.10837756856816,-3.41408284815106,2.80605394809445,-5.60076938648719,-8.26072808347929,-14.0704423266014,-6.53582031618111,4.27716991144219,0.077648766199456,0.044566756049443,-5.65312094372755,-7.78568714671754,-0.563684179560004,-1.29128250267578,-4.31321347899484,7.86337077449127,-0.151710339847363,-8.11652836809463,0.308527077128544,0.154809082655584,-1.64047826835128,0.213200236766637,-1.87479145025848,0.460893144134318,-12.5133090513364,-10.9717372036723,3.79925964291395,-9.12452396756949,3.06494445611311,0.179582558436702,2.78207462795196,-0.142658135880559,2.72329312231795,7.41099117263156,-2.82859209505835,21.7129651146857,-0.108259523440345
3.14797483748783,5.51707450435401,16.1090259671313,-4.41794541973174,-6.39440916100137,4.52526798169413,1.71484709551173,-1.54160885884548,4.12657278292353,-7.71371024482702,-8.34727584486006,-1.94657399686396,-13.1026075028137,6.58203048838542,-9.69505414220549,5.03194604654534,49.6705579551723,9.72357030341715,6.04988714531484,5.12336058355614,-1.28961370728672,-3.78490426252921,8.09727947258218,2.79204175623334,-5.16552108755177,7.49606811784899,3.75407382667934,1.64524135469363,2.19364672810375,-9.92698261827181,-5.26168116547826,-17.2398647467543,0.12703831948671,1.74475535186335,-2.01194965095329,3.83362876028892,4.83288756554291,-8.02427002017834,-6.36887468237634,6.87266474197994,8.72536617142721,4.63274828597857,3.15617809625177,3.62854110757276,-0.804029780838535,-4.06175469414931,1.59214117420943,-3.44213998062035,-7.66228997364061,-6.8858653081433,0.0627091890716403,2.54442346505121,5.56688632882028,0.604453618037433,2.37928147368172,7.66535497918761,-2.70588234195315,0.17552837802964,-5.9854518711447,-9.44785558647524,-0.810145660659359
4.5108043723331,-9.77974937853112,11.3653196700342,1.62334467797043,4.06225705788634,6.09043242521543,4.96729624323481,1.07120688317858,-5.42042555930449,-3.43222374247466,-7.66779063706484,1.43082344512223,-0.890662247455812,14.5612786375041,-2.85536179403436,-11.2808199776811,9.72357030341715,45.9105708418789,-1.88219438988615,1.31309464176599,7.02942544742431,-5.48767668761466,-1.33415882556971,-6.96030214096556,-5.87017640102165,-3.30909481701392,-0.740886660317972,-7.23841575184278,-0.921639814624446,7.42701650475943,-3.50894520352879,-5.74996320189197,5.94475108673006,-2.92158548297897,2.38398570236866,-5.33040248082816,1.85949916545705,6.46011620313837,-3.26520833900009,1.55549997341919,6.73277564037023,7.472800904394,4.09491420921484,-8.86681832809212,-4.4531011585229,-1.2802468980786,0.612859395121547,-1.01392211401232,5.19617998724588,11.0082295736896,-3.82225942383307,5.84929979285644,6.86640815769522,-3.76521744976237,11.0710176940801,3.57916025654515,1.12980077975977,0.393618922886013,-8.37450877908074,-21.4194637670843,-0.890231475169729
7.91469523551464,0.827013079547071,8.02168388985013,1.23161316171801,-1.34915882096795,5.73889456219958,15.9523042754045,8.82891159522222,2.27510831804631,-12.4621661695494,-5.94867550451921,-10.819532471081,1.89297705719963,7.8740007751622,-7.46732954701984,3.5541171364974,6.04988714531484,-1.88219438988615,78.8401735272397,-0.454614715397144,-1.95740948546649,-5.65327056039895,2.52342911250662,-12.7471467752999,-0.31369637385072,-15.1799261759991,0.510426084077232,5.42836423540183,-13.2691829850364,-17.0764838183834,-5.25306139829172,-11.6725003153593,-4.66791027991667,6.36860827237551,-4.24117698694882,-8.99297822660658,-10.681270860114,14.7162283187649,0.921040537426788,-2.2522235678158,-6.48709807509689,-9.93759323269462,-2.71941589135974,-4.02954245850899,14.1459194389257,-6.46363013329929,-5.30863434355049,16.275794586029,-12.5709932861551,6.89153954767452,-0.980881241072763,-1.40213399959327,-4.3025296065016,-6.16473211822782,19.3268617008709,-3.03543457219677,-1.89840123258846,-4.73617599697869,-1.2619215518047,6.48241313014129,0.714067052772461
1.65080424476322,15.2728707906657,4.20652408413211,-7.04949360833293,-2.16760264349743,-6.16499114512423,-5.72981274284975,-3.98099125309956,1.68031441552866,6.95415412647223,-4.81756232623525,2.88860112016729,0.266696129871922,4.06769703740925,-8.96808354627967,4.43838027003694,5.12336058355614,1.31309464176599,-0.454614715397144,60.2381593342858,-2.88449548711358,11.0786359716014,-9.59418374896961,-3.59384421734597,-0.256904466372434,0.702195259853234,11.1749713611068,-6.12940872260631,2.22450440210405,10.280397215794,-2.28103429885139,-6.1548377818012,-4.14750806869409,9.7611280042598,4.54690902048582,-6.81469116105967,-10.6776723162726,6.90211636027976,0.343409438468076,-8.35378139391642,1.48025331233296,0.757979055650627,2.34940162129115,-3.41406433806889,-12.2321790928688,6.79970288108565,-13.3062445631655,1.53080940572535,3.25094332175066,-22.3214283076866,0.498651733514154,-3.19894887905559,2.53144561167829,-0.355064531526275,5.505824150515,-0.831884021953506,-2.52601962615323,1.26931166800792,4.46713716356976,0.714635524509729,0.306360232529219
-0.996943868851092,-3.93020135692526,-3.70814042511273,2.38881970440362,1.75215275887393,-3.00301991507152,5.80073052243148,-1.90414447135981,-5.36914538750308,10.7413943728501,-10.2252386144975,10.1269658369498,-0.0131452380287507,3.27742554371703,-10.5877441839167,1.39582089756863,-1.28961370728672,7.02942544742431,-1.95740948546649,-2.88449548711358,67.6295325914068,-8.13087323454597,2.44005993184394,-9.14073893459818,-0.0167252026491339,5.35407762844239,-8.47819077065961,1.39485421829464,4.37762212395676,10.0358900914969,-6.13521106052435,1.78763707191925,13.8264192119507,-15.7442148650316,-4.51076892460881,9.40239160776194,-6.85831218519714,-13.711316194576,-3.81392680820945,14.881160143177,-0.814442227049124,15.0575223311075,-10.9544595417869,0.756837592540975,-5.97002372219681,4.53933754010663,0.904381595661198,10.4322449734505,-5.93908370080331,-5.13575660503187,0.326381654829148,-7.50954507949684,0.17932076561844,1.97702600716007,4.35325107970319,4.26099859952124,-5.46421309856907,-0.67460538928403,-1.04713799816335,0.405994962097901,-1.30676130264123
-10.3692635637194,6.45774454011745,5.86146387014583,-5.53369511990975,-0.118506410908399,-3.94333853136016,-0.301702408291658,-5.40436932488791,-0.0559300270690362,9.57576884207609,0.647549962154812,5.92670478152066,-4.71291701959777,-8.63450040266906,4.84153150450476,7.34060599661495,-3.78490426252921,-5.48767668761466,-5.65327056039895,11.0786359716014,-8.13087323454597,60.9542623600157,-18.7980730208677,10.4358299120958,3.07212825673926,6.21291807635649,1.53860915594307,-10.7627443919835,-3.21082400713717,15.8325039854227,-12.9669230982343,-0.863567649703315,-5.36501550761364,-0.332340570316129,-1.62816598708625,-9.88762460582978,16.4486397502775,-8.11902227738347,8.01114586676225,2.40183623499243,-4.70672652927422,-3.25508335802981,1.66571470810684,-7.00265824478972,-16.4733425451295,0.555624485582626,-6.57704425842772,16.5080292887346,-10.6253194834489,-14.3326714488009,20.1250893969579,-12.5269285951913,-5.07159481212055,-6.03583305838771,-0.563540995868652,3.47690748624935,3.26673979706425,-9.60598150180667,-9.49622395637939,11.77959859031,1.10042315453108
8.41673248055429,5.67220754417488,-6.67226639264874,-1.2544479108144,0.974873738949246,-6.51469189344398,0.204633842009101,7.78009569025549,0.884137608006716,-2.38014045780211,4.77606509787454,2.81685896888981,0.0648951846121477,-1.40127087247724,-6.67602076923344,-5.53714225315109,8.09727947258218,-1.33415882556971,2.52342911250662,-9.59418374896961,2.44005993184394,-18.7980730208677,66.2860088133545,-0.196828083518756,-1.81663846809388,-5.29585064957161,-2.47061626915051,6.38961054811398,3.01762169032807,2.40336199720697,0.734353436565796,-5.47101698910171,5.71005713215322,1.50353882951629,-10.5065946079819,5.19166278715873,-4.17766437814327,-4.6074252507394,-1.82099902564776,3.73538326205341,5.33881572706182,-2.77257675378818,-2.25598333630668,-4.60955951276794,5.94008615816178,-11.5410202847341,3.75354343988102,-6.04604375290458,-3.05545140967838,0.603404413011443,-15.8911184844865,0.204308989518014,-3.16846034098976,1.46498490315922,5.06778178350105,-4.4368829220289,-6.89558049142361,6.72235631820914,2.4024835827922,9.39173154733777,-0.267062382875059
-11.0563585896416,-9.11455349794581,6.91994730399551,1.72933393672649,6.77686947518395,-6.04231081809052,-2.9372091998156,-7.23819559834018,1.31813512549341,-4.74292633803379,-3.86288199263505,0.775368051800705,-4.80846094716347,-13.6965189239494,1.64365594845844,9.11377564475196,2.79204175623334,-6.96030214096556,-12.7471467752999,-3.59384421734597,-9.14073893459818,10.4358299120958,-0.196828083518756,48.6018053459655,3.15986319484671,-6.24426494131646,5.04413563613473,2.8787687550222,4.96970738022198,5.84573081319765,-10.5394196977982,7.24517977465367,-3.21805862944109,-2.64730415361792,5.46419657115502,-8.98843797966189,8.76244011334249,-1.649299197278,1.98011181621141,0.781705887567342,5.61880944494431,3.83222517418006,14.4370380760154,-1.35290120834092,8.18193827514807,0.210483472326239,-19.2461404407114,8.14735691336556,-6.04716067636098,-5.52673495107724,1.46744469345981,-12.1109056602438,7.80336428247249,-7.74579299758948,2.44382343084695,0.277473949472488,-1.7196952903037,-5.23132781481943,1.28791004557832,1.27363787898001,-1.14605565324838
-12.0030717176596,-7.37570273027701,7.11410707913793,4.48863815206459,-3.07385061848956,-0.0281814264572245,-5.17756577334774,9.44337169961638,4.59776843844247,0.381168131473431,-8.59625885904057,4.13813027641588,-4.19931443417094,6.24637520527688,7.76090297388598,7.10837756856816,-5.16552108755177,-5.87017640102165,-0.31369637385072,-0.256904466372434,-0.0167252026491339,3.07212825673926,-1.81663846809388,3.15986319484671,57.206673643737,-0.366136763890852,-1.17816936582904,-1.85482823342484,1.67796172692714,3.48242370252153,-10.4605966469106,2.13160294709256,12.1350424232683,-8.14793121080394,-3.52335567372402,4.70349585796388,-4.90849589535549,-6.4791134617505,12.4752427579306,0.31004463767643,7.40950368089932,13.8809746710096,0.378360965935056,9.14357585883786,3.33412772293507,0.485309436826743,4.03058170914618,-3.46111646877938,0.158424971423208,2.84359868977865,6.81089905673713,4.96924735269417,-0.770552546773866,-0.182962178142826,-3.91500120074447,9.44827251696423,7.71562038464067,7.63798017009347,-2.56103734660788,4.28813280428041,1.20372099838794
11.2818448299551,18.9785533950085,-10.9524614229992,-0.38821121194982,6.74370653523271,-3.63594107309669,0.94840752612451,-1.79827914975621,1.52634639690863,0.524783596808693,-2.7923266705469,-11.0144762853466,-7.02352518826776,4.30478492923483,-6.12342316993711,-3.41408284815106,7.49606811784899,-3.30909481701392,-15.1799261759991,0.702195259853234,5.35407762844239,6.21291807635649,-5.29585064957161,-6.24426494131646,-0.366136763890852,53.3692675957141,-1.29933471195907,-6.04057305986167,12.695584641585,-3.07719595000327,3.97719940393788,-4.87872298023878,15.1593866290466,-4.89580277739109,0.309775698567948,-4.22757615060711,7.80189568904262,6.79178349822747,1.37983834206894,1.74310389915244,-5.12400354092887,-7.30997710334444,2.11306250873754,8.34192535837823,-3.35850609286903,1.96886784201249,10.543407002395,-4.28059416285543,-4.36403771365437,-7.60139220172431,11.2677054419491,3.2947450688859,-3.12816613700172,8.55643751433153,-9.91726708259915,2.44189325430849,-0.793542914106258,9.64421505279741,-3.7246328944243,1.59503879409979,0.525594852860011
-14.964558655609,4.5590062093014,-0.571833730339038,-10.5927438712678,-13.2014467897493,3.43086230785867,-3.96038215336433,-1.46553310370396,1.69687149068457,-4.80155822573549,-8.62488164429352,2.65845850467006,8.85598125826504,-4.86242975755694,-5.08754418681958,2.80605394809445,3.75407382667934,-0.740886660317972,0.510426084077232,11.1749713611068,-8.47819077065961,1.53860915594307,-2.47061626915051,5.04413563613473,-1.17816936582904,-1.29933471195907,46.5230404317222,-3.47167052490708,2.35672103886216,-1.02352401476818,4.28928333235997,1.57024200282473,-1.92196211477509,14.7117593686788,6.39018257852703,8.83210586324334,15.149386865801,-4.08662176343793,-1.76488096774041,-3.15872551875482,-0.876830009075927,7.64401497572553,13.1812344004028,-2.31361716125121,-1.00089839792941,8.42626230529084,1.80651606533492,-10.793084236888,-1.65177335396169,4.67432445765715,18.7295221179492,-8.99441918897419,-4.84049751114588,-12.8053504019158,-7.1289841273294,-11.6834846719345,-0.502495241377611,-3.70337679813334,4.01293729385091,-3.47992225539829,0.869703645604789
-4.52758114546523,-9.54386772281978,-2.80638983838135,12.6102484092791,5.9513629673552,2.34686869864957,11.7077063512218,-1.49367113559392,1.55359304448165,0.642128649167644,7.84225603490767,1.1092786292617,2.2946884169465,-0.707697048043041,4.3093471908789,-5.60076938648719,1.64524135469363,-7.23841575184278,5.42836423540183,-6.12940872260631,1.39485421829464,-10.7627443919835,6.38961054811398,2.8787687550222,-1.85482823342484,-6.04057305986167,-3.47167052490708,53.8961533407534,5.44575968717811,-2.65951669011703,14.827101719274,-2.58263143488381,-21.1978287642371,2.22559411752798,5.5313009039735,3.82565024380483,7.62257591626923,4.7248205659837,13.2109603323379,-0.18470973224199,-1.73576139459379,0.761605102321179,0.75540483489968,2.48867107048333,4.57092109334927,-1.79201672893632,-0.290428317839224,-15.4271363174866,8.00268940172841,8.70011112638828,-7.77687600676009,4.50456268792611,9.94061173664102,-0.0703210319708518,2.64891554091038,-1.44849431142247,0.747313528912835,12.7941195431871,2.82346972996511,-10.0143665209173,-0.649038722149978
5.67808265054587,7.58883259468625,-11.9171114565251,2.57432003351619,-2.36576295695702,-3.81595216803608,-7.18651556110815,-15.8745846713475,10.490122092424,2.52391337908823,3.61183481464329,-11.5569487664533,2.56340475449444,6.92918852136321,-4.54489437878432,-8.26072808347929,2.19364672810375,-0.921639814624446,-13.2691829850364,2.22450440210405,4.37762212395676,-3.21082400713717,3.01762169032807,4.96970738022198,1.67796172692714,12.695584641585,2.35672103886216,5.44575968717811,56.4451874999796,14.4686500421885,3.94411064401332,-2.67759200102641,6.57010934719408,-3.23081256527714,-1.18700852242276,13.7060986227048,-2.92218587391842,-0.042299089863673,14.6843149235526,-1.28158597702061,-14.4947985095174,9.96686586197611,9.22117915560566,4.8151181209687,-1.77814284162591,3.01343505055964,-9.55291252523097,-14.7886679611168,0.725516040692532,-7.44209366097054,2.10580253287994,-3.88250078191761,6.61349618618065,-15.3689574381325,-3.12342856726216,11.8436071017677,-9.8864495276847,0.407182301220953,3.51636323930338,-10.5442434609707,-0.223459350286328
-8.58839096837918,-8.66320513056282,-0.515479717559962,-9.96753279616301,11.4866759712397,-2.82713869949741,-14.9830031196631,3.46688934977429,9.69283150774824,6.46312606403835,17.3135048362908,3.82981006059359,6.81085752925171,-4.43163435758311,11.9738208071537,-14.0704423266014,-9.92698261827181,7.42701650475943,-17.0764838183834,10.280397215794,10.0358900914969,15.8325039854227,2.40336199720697,5.84573081319765,3.48242370252153,-3.07719595000327,-1.02352401476818,-2.65951669011703,14.4686500421885,73.3525536605269,3.57761905979769,-8.15887687059755,2.29514649318045,-6.40414042190211,-5.67326318187982,-0.781283955532127,-7.73189662184235,-14.7143694638698,18.7609951442541,5.70337106347336,-5.05904936374114,16.705936728111,-3.20188388502857,-18.4704290501872,-12.725764135426,5.89370042731277,2.71034502634552,13.5939089974643,7.85562760521608,-11.104230542904,13.8655975080221,-6.53855943538366,3.38550926520954,-5.68170705681952,5.36300157697709,-4.34169747963816,6.67792727129933,-3.45369590845587,4.05351082010471,-5.74282937136276,1.88698233610819
-0.0768360481533518,-8.26756280016376,-3.76634256549901,7.40622757356193,-18.1089097245383,-6.27370296193364,-6.26156175804727,-1.22786056106578,6.72634031185253,-7.05848134133091,13.3318046523615,-6.01021360086218,9.23352053626219,13.4431190919674,0.325051602377702,-6.53582031618111,-5.26168116547826,-3.50894520352879,-5.25306139829172,-2.28103429885139,-6.13521106052435,-12.9669230982343,0.734353436565796,-10.5394196977982,-10.4605966469106,3.97719940393788,4.28928333235997,14.827101719274,3.94411064401332,3.57761905979769,61.9615412777506,-2.30901399811352,-3.25677561636712,17.5153055231685,0.525975842112583,6.62035916272285,5.8312279413614,-5.35123736497813,1.43937065849111,-6.3651790579849,-10.242399969829,1.92909061492583,9.05574824431856,1.15467523028078,4.22746036368663,13.3936066738111,0.975195203927999,-4.99617230927271,4.14946062889061,14.3845185735413,-7.25767769121869,0.720779495480826,9.58549836810735,5.74702818712653,0.552578862866509,3.99323365299039,2.6497622606837,-13.0286812192401,3.1994013641715,-7.98655423034207,-0.318619160634882
-0.573947590359598,-5.31485692335163,-2.96344145221316,4.0277647931142,1.81333186985886,-8.46693300749918,-5.97708218861734,-10.1332067776084,-3.43358576097863,7.39698661918696,5.04783850763079,-7.6212198752557,-2.38766267843128,-2.66115495320747,1.66411704872935,4.27716991144219,-17.2398647467543,-5.74996320189197,-11.6725003153593,-6.1548377818012,1.78763707191925,-0.863567649703315,-5.47101698910171,7.24517977465367,2.13160294709256,-4.87872298023878,1.57024200282473,-2.58263143488381,-2.67759200102641,-8.15887687059755,-2.30901399811352,47.2297607588588,-1.02778100398606,-0.541264498260377,0.495953550702226,0.574617877392063,-1.78420588027164,6.18480088372306,0.329394166710928,14.049885228841,-9.65118262314719,0.639280995488575,-8.53205858749858,-9.58100568274057,-0.792040662477959,1.54857611148476,1.90846515498945,2.2821053776572,-8.11906149895836,4.72295936381745,-8.79408682743363,-3.1286113203194,5.82261021662168,-8.84042931429431,-4.63639724286182,6.57874219125487,-6.32227056516716,3.9437657644033,1.78017003268145,10.0747541794683,-2.28941811510363
8.51400440679468,2.91931423836638,2.04756316918832,-17.042735520393,-12.9152462267792,-11.700401991988,-18.7358665546752,-8.01090398782255,0.0161417425191764,3.36155481092731,-7.74981095715858,3.07607279867099,-2.2378148635786,11.8468649096556,-20.3505136234575,0.077648766199456,0.12703831948671,5.94475108673006,-4.66791027991667,-4.14750806869409,13.8264192119507,-5.36501550761364,5.71005713215322,-3.21805862944109,12.1350424232683,15.1593866290466,-1.92196211477509,-21.1978287642371,6.57010934719408,2.29514649318045,-3.25677561636712,-1.02778100398606,64.062486837969,-7.97125223482527,-4.1472117325048,-2.30561275593074,-3.31689084679355,-4.91285424145795,-2.69079254357463,0.543819063352686,7.93219206445905,2.91663331341637,-1.31656378222334,3.48609751012709,0.320707104392312,8.38104399200354,8.54531263549778,0.722703897713012,-3.82145454047313,10.4625329194528,-5.39103364960301,8.18694043011384,-5.74581879085307,5.51160371121462,13.4424702980845,-11.6081684677893,-0.426367852921098,-5.47517904334148,-4.1770980960429,-3.22987082132335,-0.122681585651369
-6.63374348617263,8.16016781497821,-6.2431436045989,-1.86001464218426,-2.53262521027402,-12.6450123743766,1.76235461945707,-6.60749616826498,-2.75360924378647,-9.77990747814132,0.892023619790928,0.200960489163866,3.40239775625519,0.763192396934098,0.891627560621234,0.044566756049443,1.74475535186335,-2.92158548297897,6.36860827237551,9.7611280042598,-15.7442148650316,-0.332340570316129,1.50353882951629,-2.64730415361792,-8.14793121080394,-4.89580277739109,14.7117593686788,2.22559411752798,-3.23081256527714,-6.40414042190211,17.5153055231685,-0.541264498260377,-7.97125223482527,63.6963523922767,3.34168513179877,-1.28766054689855,12.0881129742873,5.99295513084375,-15.4136965902985,-4.5231187022028,-16.5205803838868,-2.80545718721657,7.20977013267327,9.63905325236556,-5.69898797852181,7.54694826877006,-16.0768086343989,-5.73267262697452,-2.05319497829561,14.0624993478775,-7.2468113959483,6.74802079767967,-7.85088578867283,2.80506407202906,-1.93722036046462,-5.53366414173436,1.08023795577969,0.0437762972934485,-4.17600494162221,4.84025234700506,-0.0312159596580854
0.426128872527944,1.92484404475756,2.65627929577211,8.27210068714415,-1.41398823992246,-6.66258874202997,-1.23561499918659,-2.9759045020019,-1.67926829288239,5.24832966027373,-2.93328373103206,2.87483848936326,-1.03369800149778,0.959453411735808,3.21891676982518,-5.65312094372755,-2.01194965095329,2.38398570236866,-4.24117698694882,4.54690902048582,-4.51076892460881,-1.62816598708625,-10.5065946079819,5.46419657115502,-3.52335567372402,0.309775698567948,6.39018257852703,5.5313009039735,-1.18700852242276,-5.67326318187982,0.525975842112583,0.495953550702226,-4.1472117325048,3.34168513179877,33.2168410753869,-1.36532636644785,17.3677798631841,2.15925446844064,-8.21948933491589,-14.6697428682459,7.67858517678681,1.56189351182658,7.27324068589092,9.63131681718921,4.13418730300589,3.47067682110571,-17.7565549041431,-6.0063773865121,5.33327453229612,11.0683271931156,8.24265934277137,8.3697555069741,3.17042065450857,11.4451145541031,1.41290889865261,-0.331379451507257,-1.36930467305872,10.4641822447097,4.6496492521236,-4.16123144503565,-1.1155383473974
-3.6650116095555,4.68605363026044,-11.4340746337182,5.91398647070493,-22.6011989679435,-2.36750146486557,-9.05035962605251,0.609526333343772,10.216346349432,2.78994796183175,7.62126388658758,7.44191235386949,-1.21008168950305,1.81061070684044,2.80375731995262,-7.78568714671754,3.83362876028892,-5.33040248082816,-8.99297822660658,-6.81469116105967,9.40239160776194,-9.88762460582978,5.19166278715873,-8.98843797966189,4.70349585796388,-4.22757615060711,8.83210586324334,3.82565024380483,13.7060986227048,-0.781283955532127,6.62035916272285,0.574617877392063,-2.30561275593074,-1.28766054689855,-1.36532636644785,55.2804353410432,-0.73171612223123,-16.8590281542586,1.17918360012071,3.35133559283076,-0.830033658032234,9.61257202818711,-2.6664397460095,9.19335205380299,0.793639645550398,6.50055777450143,9.54834279452174,-11.6204937780483,2.94062392565476,8.47858564392173,10.2455032554451,5.78603972092697,3.08278301451777,-5.58066887900443,-5.82868480650799,-5.14612040767334,-4.14609746767344,-8.99141300595692,11.7124032103746,-7.98444002701191,-1.47376021220582
-8.43905875161888,-0.0883800252488557,5.06561620052719,6.19528379376529,-3.1318423922242,12.7453331892065,9.25340930651208,-10.1277991941584,-6.51829074867713,4.09445046414555,-16.9809749576079,4.48128016961568,9.57392632925945,-10.8867349847114,3.70549540614623,-0.563684179560004,4.83288756554291,1.85949916545705,-10.681270860114,-10.6776723162726,-6.85831218519714,16.4486397502775,-4.17766437814327,8.76244011334249,-4.90849589535549,7.80189568904262,15.149386865801,7.62257591626923,-2.92218587391842,-7.73189662184235,5.8312279413614,-1.78420588027164,-3.31689084679355,12.0881129742873,17.3677798631841,-0.73171612223123,70.5413325976023,-5.47376718778882,-4.07853769230507,-5.83697687915178,-6.43328787354636,-0.79341169703079,-7.69814364359928,0.574729256312596,-7.56830356000953,8.5655742792195,-9.82187845190496,-21.7439346375872,12.1034977953503,-2.27129412334762,19.3257675507927,-7.72653921729418,12.5982563029457,12.3951663022715,1.90789261627762,-12.6023640862063,2.58340382258151,11.5160446720684,-0.0921203204985546,-7.98286633308132,1.47689284916959
7.24775329090017,-0.484231647417133,-7.9294573074642,-1.86012436354373,14.1336379616898,3.76402182250419,17.6562693364426,-3.83959989283997,0.15226882331203,8.26315812328261,-6.3261086097059,-2.78923707832882,-7.02342144087349,-9.56062060682791,2.39437515544463,-1.29128250267578,-8.02427002017834,6.46011620313837,14.7162283187649,6.90211636027976,-13.711316194576,-8.11902227738347,-4.6074252507394,-1.649299197278,-6.4791134617505,6.79178349822747,-4.08662176343793,4.7248205659837,-0.042299089863673,-14.7143694638698,-5.35123736497813,6.18480088372306,-4.91285424145795,5.99295513084375,2.15925446844064,-16.8590281542586,-5.47376718778882,69.9805850291722,1.74865011322129,-1.47899448288232,-3.56551297647718,-6.41515620473372,7.87037259002911,12.1912171116631,-5.77432205584945,-2.95526273498973,-8.09571793884526,1.40729159450841,6.7222767907517,1.87820609739763,-11.2889630338075,3.79752542143062,12.5764644123166,-1.39389537474604,-3.49222594873106,-1.15691249975496,-13.6329278440846,6.65056733119835,-4.33695980919809,-2.03411630136098,1.41328631338531
-11.4035492520167,-12.168120784624,-3.8034965004992,-7.47978116069418,1.46104646077917,2.27293684620795,-2.36437748048683,1.97016785040161,5.74274251137028,-1.6000932728117,6.72460842954835,-15.0935944719468,-9.15611857221957,-9.19274564156897,-1.89185422026727,-4.31321347899484,-6.36887468237634,-3.26520833900009,0.921040537426788,0.343409438468076,-3.81392680820945,8.01114586676225,-1.82099902564776,1.98011181621141,12.4752427579306,1.37983834206894,-1.76488096774041,13.2109603323379,14.6843149235526,18.7609951442541,1.43937065849111,0.329394166710928,-2.69079254357463,-15.4136965902985,-8.21948933491589,1.17918360012071,-4.07853769230507,1.74865011322129,60.0907628260895,4.37536736503228,-3.73854542857298,-2.07219846767282,0.200510772434391,1.79385831219798,-7.81759814648467,-3.62227647084714,28.0812549537327,2.73964503247823,1.18390906970981,-6.21957960596631,8.00987622476897,-5.11418445828586,4.20548795175791,-4.17804518611761,-8.19169782414305,-15.5942515767748,-2.12010311997638,1.75529301266475,2.65335477519924,-0.608009160050113,-1.82096823242875
-4.73608762473601,-10.5445999312406,3.82013324337512,8.30539145582966,14.1537338643058,7.16688869855013,6.20542729781457,-0.344706119104893,15.2533986807551,12.9057438929131,4.08672697059614,-4.07360355839947,-11.2942470090567,4.93758395882472,8.08784901784228,7.86337077449127,6.87266474197994,1.55549997341919,-2.2522235678158,-8.35378139391642,14.881160143177,2.40183623499243,3.73538326205341,0.781705887567342,0.31004463767643,1.74310389915244,-3.15872551875482,-0.18470973224199,-1.28158597702061,5.70337106347336,-6.3651790579849,14.049885228841,0.543819063352686,-4.5231187022028,-14.6697428682459,3.35133559283076,-5.83697687915178,-1.47899448288232,4.37536736503228,66.9825439824778,-3.9976911422516,7.38248831066849,0.226622820723801,-8.05787337064556,-4.36189651271576,2.36282034591197,8.80457443929627,15.2156110166261,-13.4005516077142,-2.81354661116742,2.1169988827609,-13.9169342584776,9.27968182160021,-11.3383389305545,7.31047990443875,7.98553896604085,9.16988734785448,1.93333670129141,-8.06254236956915,-2.82185591471154,0.609205434034476
-6.84253018656252,-0.454269696171905,11.1028486128576,-7.22320853691562,-6.98261941811887,4.5849621326531,-13.057886680084,-0.736942712858706,7.67808582522838,-2.19624376076192,-5.43311456462859,0.576759034814498,-0.372670311741483,2.6498989891769,-2.69651310419949,-0.151710339847363,8.72536617142721,6.73277564037023,-6.48709807509689,1.48025331233296,-0.814442227049124,-4.70672652927422,5.33881572706182,5.61880944494431,7.40950368089932,-5.12400354092887,-0.876830009075927,-1.73576139459379,-14.4947985095174,-5.05904936374114,-10.242399969829,-9.65118262314719,7.93219206445905,-16.5205803838868,7.67858517678681,-0.830033658032234,-6.43328787354636,-3.56551297647718,-3.73854542857298,-3.9976911422516,48.9500733494683,6.94394844976569,9.61301595668621,-6.08517972126188,4.34580838644641,-9.70941425571789,-3.83906435331961,-5.41311038094024,-5.84811096225256,2.31933615913533,-1.68216394033032,3.33842048997283,2.45204655243011,3.72916351986771,3.49845954090276,-4.68345286778906,2.15875235946644,-3.00881867692664,-3.76879490249946,1.19395677516762,-1.31557081243751
-11.0445314246476,-3.21923721094921,1.03579231132024,7.0314126227427,-3.48398222014783,-4.76252573574098,-11.462052273322,-12.2513062051988,9.42616820850261,8.78635836717196,-14.9552233887592,-1.94592656396096,24.0890728343889,4.14833987589129,8.92110072882262,-8.11652836809463,4.63274828597857,7.472800904394,-9.93759323269462,0.757979055650627,15.0575223311075,-3.25508335802981,-2.77257675378818,3.83222517418006,13.8809746710096,-7.30997710334444,7.64401497572553,0.761605102321179,9.96686586197611,16.705936728111,1.92909061492583,0.639280995488575,2.91663331341637,-2.80545718721657,1.56189351182658,9.61257202818711,-0.79341169703079,-6.41515620473372,-2.07219846767282,7.38248831066849,6.94394844976569,58.5082758301224,8.36761296345981,-8.89466674771961,-1.09990751490925,14.3120574668319,-7.1831051785925,-8.91584643741903,-9.39944681693558,-1.30610131214937,-3.53926084222253,-5.20816858489102,18.0166742713082,-2.06751638869832,-1.10809177732024,-1.82916152115593,-0.432360130907211,7.55424920107897,1.09541493750501,-21.0207537540511,-0.235299776674991
-3.39803004009024,-1.99298410569712,5.01408070215896,11.5907291994402,-0.313002528271103,-13.2841214335009,-13.93532668955,3.87158192680236,16.3195849121408,-1.43318804111246,-3.24564608686317,5.42548866976795,-7.38939391632247,8.65389551965353,-4.62192558078759,0.308527077128544,3.15617809625177,4.09491420921484,-2.71941589135974,2.34940162129115,-10.9544595417869,1.66571470810684,-2.25598333630668,14.4370380760154,0.378360965935056,2.11306250873754,13.1812344004028,0.75540483489968,9.22117915560566,-3.20188388502857,9.05574824431856,-8.53205858749858,-1.31656378222334,7.20977013267327,7.27324068589092,-2.6664397460095,-7.69814364359928,7.87037259002911,0.200510772434391,0.226622820723801,9.61301595668621,8.36761296345981,73.8506143951827,16.5541862820503,5.21530641555114,9.53319191784984,-18.4564683795444,3.24696523125035,-5.54851448188955,11.1673439299921,-3.6503856068545,-10.0788556823933,13.0687227805776,-8.1534395215439,0.389883306628889,-6.98222820880049,-6.70612216615384,-12.7062805811369,3.87435180361592,-18.3916303851632,-0.360272958286496
3.98314076156146,1.49778837197612,-6.39227369463864,10.4282638169014,-6.82212075105919,-14.6319988459072,1.75725624010304,13.0014634684261,2.99617854488885,1.63247216251476,-5.8692878193976,12.3931036460919,-16.3765534352458,-4.32387915324106,-0.42794126958136,0.154809082655584,3.62854110757276,-8.86681832809212,-4.02954245850899,-3.41406433806889,0.756837592540975,-7.00265824478972,-4.60955951276794,-1.35290120834092,9.14357585883786,8.34192535837823,-2.31361716125121,2.48867107048333,4.8151181209687,-18.4704290501872,1.15467523028078,-9.58100568274057,3.48609751012709,9.63905325236556,9.63131681718921,9.19335205380299,0.574729256312596,12.1912171116631,1.79385831219798,-8.05787337064556,-6.08517972126188,-8.89466674771961,16.5541862820503,66.7925104554701,3.44565601951058,1.11038929077854,-1.7775729439678,-1.41001457901662,6.81000888862147,9.54836176522889,-2.97582668839539,20.3552320955765,-4.11741499225438,6.7312941799988,-13.4988381747033,7.35065490669429,5.16231661922559,-3.75836247989575,-3.62582953447338,0.778425493704275,0.675599879339792
5.66525824008512,-13.0608619609228,-0.135332371220699,22.7140286488068,-14.1309793434936,-10.822471389123,-10.0001829659412,-0.740546182565935,-1.44993540029407,-5.27610423216365,-7.02921808492848,-6.22164393321596,0.0574446660191451,0.18231403007114,4.02379446641861,-1.64047826835128,-0.804029780838535,-4.4531011585229,14.1459194389257,-12.2321790928688,-5.97002372219681,-16.4733425451295,5.94008615816178,8.18193827514807,3.33412772293507,-3.35850609286903,-1.00089839792941,4.57092109334927,-1.77814284162591,-12.725764135426,4.22746036368663,-0.792040662477959,0.320707104392312,-5.69898797852181,4.13418730300589,0.793639645550398,-7.56830356000953,-5.77432205584945,-7.81759814648467,-4.36189651271576,4.34580838644641,-1.09990751490925,5.21530641555114,3.44565601951058,55.1294680765064,-16.3198550606606,-3.58548469275559,-0.760173711042635,1.01382128251561,-3.42593264616024,5.33145587204227,3.75324879778932,-5.30579668097047,-4.12380976754037,7.30848487607343,8.03107539830038,0.160455095033396,8.28353954621222,0.0387295949202799,6.7772431312781,0.799479611077317
-7.8337463494959,6.43861144372809,0.843819658700854,-1.84432999161592,-1.93685870750317,5.69590280209094,-2.99354833813596,-7.69759855205758,8.67180533819282,5.62748705548613,-2.04523455200782,2.72255191029539,8.24790688613574,3.28422929872793,-11.254794500612,0.213200236766637,-4.06175469414931,-1.2802468980786,-6.46363013329929,6.79970288108565,4.53933754010663,0.555624485582626,-11.5410202847341,0.210483472326239,0.485309436826743,1.96886784201249,8.42626230529084,-1.79201672893632,3.01343505055964,5.89370042731277,13.3936066738111,1.54857611148476,8.38104399200354,7.54694826877006,3.47067682110571,6.50055777450143,8.5655742792195,-2.95526273498973,-3.62227647084714,2.36282034591197,-9.70941425571789,14.3120574668319,9.53319191784984,1.11038929077854,-16.3198550606606,49.2560143203186,-5.39276726628337,-0.665731526022985,-3.7641632739709,5.02290630478237,7.9148713623937,-4.13364840226151,8.20584100230687,1.01565820802827,1.42735333987667,-12.1547979123408,-4.9970639722408,-13.558339698169,19.5897232782339,-13.8041265740819,-1.79168468694531
-2.35162115923147,-11.8824532519382,-5.16440004954181,-7.85782887949131,-3.81964387100592,5.34866726558904,-8.81103789046401,20.2395484419385,-7.85660148705193,1.7734371440779,10.0068064355094,-0.862235563664437,-7.17449253025405,-3.81614485032954,4.53497618117812,-1.87479145025848,1.59214117420943,0.612859395121547,-5.30863434355049,-13.3062445631655,0.904381595661198,-6.57704425842772,3.75354343988102,-19.2461404407114,4.03058170914618,10.543407002395,1.80651606533492,-0.290428317839224,-9.55291252523097,2.71034502634552,0.975195203927999,1.90846515498945,8.54531263549778,-16.0768086343989,-17.7565549041431,9.54834279452174,-9.82187845190496,-8.09571793884526,28.0812549537327,8.80457443929627,-3.83906435331961,-7.1831051785925,-18.4564683795444,-1.7775729439678,-3.58548469275559,-5.39276726628337,65.891990526294,-2.81631024640481,1.20961167755826,1.54039578017582,8.86199976879234,3.23362697038611,-9.37214452768802,5.92942046492773,-10.0009905672377,-22.1205444643731,-2.90087772892073,-1.93834363031553,-6.12588532547065,1.12236329760457,0.764525380514098
-1.18190713665484,-6.84148289366779,3.02940056843849,2.59922280979162,4.36181831256305,0.141530062564589,8.18527030768354,9.60042274021436,-0.17719633952422,6.42749204608099,14.7974084368363,5.49573092828625,-19.416572837516,-10.9690780199592,4.15931439882847,0.460893144134318,-3.44213998062035,-1.01392211401232,16.275794586029,1.53080940572535,10.4322449734505,16.5080292887346,-6.04604375290458,8.14735691336556,-3.46111646877938,-4.28059416285543,-10.793084236888,-15.4271363174866,-14.7886679611168,13.5939089974643,-4.99617230927271,2.2821053776572,0.722703897713012,-5.73267262697452,-6.0063773865121,-11.6204937780483,-21.7439346375872,1.40729159450841,2.73964503247823,15.2156110166261,-5.41311038094024,-8.91584643741903,3.24696523125035,-1.41001457901662,-0.760173711042635,-0.665731526022985,-2.81631024640481,75.6117561330361,-16.1231827120526,2.41588809700584,5.62000314999021,-4.94517250405482,-1.2381218870439,-1.88766240073745,7.77260732792087,6.19149222944482,-11.3281319469062,-21.9539489664709,-2.39031095347106,11.2510557166468,0.383290818429886
-8.80195039194007,-9.13354291457712,7.03455884910871,2.2223143897091,3.8091294391476,1.01918834962537,-1.43011645377569,7.97382031418872,3.42660121607089,-0.0693910604347118,-9.92987236017505,11.6077967281917,-1.09127824863495,-0.11709530240133,7.64074434391892,-12.5133090513364,-7.66228997364061,5.19617998724588,-12.5709932861551,3.25094332175066,-5.93908370080331,-10.6253194834489,-3.05545140967838,-6.04716067636098,0.158424971423208,-4.36403771365437,-1.65177335396169,8.00268940172841,0.725516040692532,7.85562760521608,4.14946062889061,-8.11906149895836,-3.82145454047313,-2.05319497829561,5.33327453229612,2.94062392565476,12.1034977953503,6.7222767907517,1.18390906970981,-13.4005516077142,-5.84811096225256,-9.39944681693558,-5.54851448188955,6.81000888862147,1.01382128251561,-3.7641632739709,1.20961167755826,-16.1231827120526,65.6282052759262,-2.07393750277736,2.23392043493061,9.1290093989864,7.35465695452161,11.4665642076214,-1.74378005723995,-6.84953212077718,-4.32494123107532,13.8661317878763,9.64539636066114,-11.6173903126317,1.56993734275745
3.57363319676291,-4.32979499570158,3.78035323396871,5.03901643535174,-0.300805381467228,-7.18628123011312,3.6895496812851,8.77951218535413,-0.96571034184884,-21.2603499142114,14.6575736874022,-2.74970013557925,-0.18886712116438,12.0367276768098,0.00638119951235812,-10.9717372036723,-6.8858653081433,11.0082295736896,6.89153954767452,-22.3214283076866,-5.13575660503187,-14.3326714488009,0.603404413011443,-5.52673495107724,2.84359868977865,-7.60139220172431,4.67432445765715,8.70011112638828,-7.44209366097054,-11.104230542904,14.3845185735413,4.72295936381745,10.4625329194528,14.0624993478775,11.0683271931156,8.47858564392173,-2.27129412334762,1.87820609739763,-6.21957960596631,-2.81354661116742,2.31933615913533,-1.30610131214937,11.1673439299921,9.54836176522889,-3.42593264616024,5.02290630478237,1.54039578017582,2.41588809700584,-2.07393750277736,68.0129517402071,-6.90627436232135,22.9217325147097,-0.220443766084395,-0.140031026494992,0.49001610489637,0.355120372513489,0.318971558059036,-5.42820574932961,3.95564892626175,-15.3238955025976,1.32943171479885
-13.6425721102003,-3.46437596083585,5.95605218382764,0.0343427324556647,-3.22830241252043,8.95936090758071,-0.729610394797951,10.5080780534085,-1.5446742915208,0.0918601381385532,-1.99452354034124,5.93344672116456,0.189124962280739,-7.37999618318693,14.390663121756,3.79925964291395,0.0627091890716403,-3.82225942383307,-0.980881241072763,0.498651733514154,0.326381654829148,20.1250893969579,-15.8911184844865,1.46744469345981,6.81089905673713,11.2677054419491,18.7295221179492,-7.77687600676009,2.10580253287994,13.8655975080221,-7.25767769121869,-8.79408682743363,-5.39103364960301,-7.2468113959483,8.24265934277137,10.2455032554451,19.3257675507927,-11.2889630338075,8.00987622476897,2.1169988827609,-1.68216394033032,-3.53926084222253,-3.6503856068545,-2.97582668839539,5.33145587204227,7.9148713623937,8.86199976879234,5.62000314999021,2.23392043493061,-6.90627436232135,66.8958865907278,-0.936032105739001,-5.46331158113053,7.83697211466474,-9.96114966723574,-11.6548747478699,-9.95493850733314,-1.87982681363297,8.8188367398283,0.638725701018899,0.200607515670054
5.32491470536742,-3.672255453755,-8.23240789085365,0.620268706304102,-1.77938888371306,-23.725831379624,1.43035463024794,8.28183330659377,0.963031525202902,-4.39428994372732,6.35317083020471,0.42623805222524,-11.7334699012938,-1.26049611059777,5.5555563061535,-9.12452396756949,2.54442346505121,5.84929979285644,-1.40213399959327,-3.19894887905559,-7.50954507949684,-12.5269285951913,0.204308989518014,-12.1109056602438,4.96924735269417,3.2947450688859,-8.99441918897419,4.50456268792611,-3.88250078191761,-6.53855943538366,0.720779495480826,-3.1286113203194,8.18694043011384,6.74802079767967,8.3697555069741,5.78603972092697,-7.72653921729418,3.79752542143062,-5.11418445828586,-13.9169342584776,3.33842048997283,-5.20816858489102,-10.0788556823933,20.3552320955765,3.75324879778932,-4.13364840226151,3.23362697038611,-4.94517250405482,9.1290093989864,22.9217325147097,-0.936032105739001,51.9441232242469,-5.93877146844238,12.5270876477,-6.49785174046435,2.77119186220477,-5.22266492166191,9.8601868571967,-4.08285525779765,-9.34118209708002,-0.109803424607196
2.15257408380676,-2.98129006626634,2.99505936789606,13.329511433173,17.124825808542,-1.7301038334819,-11.6956527733658,-5.88874429207672,11.2999838532995,5.42837546545473,1.4430112705776,-8.52965683449327,3.19834531347037,2.73296279698167,12.5315212362289,3.06494445611311,5.56688632882028,6.86640815769522,-4.3025296065016,2.53144561167829,0.17932076561844,-5.07159481212055,-3.16846034098976,7.80336428247249,-0.770552546773866,-3.12816613700172,-4.84049751114588,9.94061173664102,6.61349618618065,3.38550926520954,9.58549836810735,5.82261021662168,-5.74581879085307,-7.85088578867283,3.17042065450857,3.08278301451777,12.5982563029457,12.5764644123166,4.20548795175791,9.27968182160021,2.45204655243011,18.0166742713082,13.0687227805776,-4.11741499225438,-5.30579668097047,8.20584100230687,-9.37214452768802,-1.2381218870439,7.35465695452161,-0.220443766084395,-5.46331158113053,-5.93877146844238,55.8579644966336,-1.27372869076248,4.05882819967279,-6.75642041569473,-12.4398006577892,6.92440814530505,6.09506854394252,-18.5781022801501,1.45595992795635
3.43215222894105,1.36707212803355,-5.62011321470131,-4.36667778505403,-3.68407053169952,-14.6134055143343,1.32772185171802,14.5414133905477,-7.51684499647958,6.75655608238379,0.379564863291845,8.8520909414105,-1.88984891880036,1.93661278493124,3.31458051144392,0.179582558436702,0.604453618037433,-3.76521744976237,-6.16473211822782,-0.355064531526275,1.97702600716007,-6.03583305838771,1.46498490315922,-7.74579299758948,-0.182962178142826,8.55643751433153,-12.8053504019158,-0.0703210319708518,-15.3689574381325,-5.68170705681952,5.74702818712653,-8.84042931429431,5.51160371121462,2.80506407202906,11.4451145541031,-5.58066887900443,12.3951663022715,-1.39389537474604,-4.17804518611761,-11.3383389305545,3.72916351986771,-2.06751638869832,-8.1534395215439,6.7312941799988,-4.12380976754037,1.01565820802827,5.92942046492773,-1.88766240073745,11.4665642076214,-0.140031026494992,7.83697211466474,12.5270876477,-1.27372869076248,57.8809545556087,-4.52370734274316,-18.4723705142554,-5.23095362081455,15.4697007927687,6.43321833564646,10.0173439691709,0.353575181535318
11.5744634669976,-3.10354311537487,12.2892081519399,-0.144476649213112,-0.784562618605264,-2.05207710570888,-1.13135589658496,-2.19280024963712,3.99268607636746,-0.974616611598003,-0.953803283746865,4.59947228433784,5.73881544859135,9.17573966068074,-6.70418265405377,2.78207462795196,2.37928147368172,11.0710176940801,19.3268617008709,5.505824150515,4.35325107970319,-0.563540995868652,5.06778178350105,2.44382343084695,-3.91500120074447,-9.91726708259915,-7.1289841273294,2.64891554091038,-3.12342856726216,5.36300157697709,0.552578862866509,-4.63639724286182,13.4424702980845,-1.93722036046462,1.41290889865261,-5.82868480650799,1.90789261627762,-3.49222594873106,-8.19169782414305,7.31047990443875,3.49845954090276,-1.10809177732024,0.389883306628889,-13.4988381747033,7.30848487607343,1.42735333987667,-10.0009905672377,7.77260732792087,-1.74378005723995,0.49001610489637,-9.96114966723574,-6.49785174046435,4.05882819967279,-4.52370734274316,40.6112353631858,-4.30075435067754,7.50840106281696,-3.71449378290902,-3.75813435275626,-2.62360674064869,1.12328340999658
13.0480366494083,2.91258779984146,6.50382253328536,22.1453301415339,-3.54782923159055,6.65299690676791,8.409249962227,-8.55410866146345,5.07805667276995,-3.68043736834706,0.340258085324141,-1.47086593962843,-4.98237913099615,13.599396679586,10.067825389359,-0.142658135880559,7.66535497918761,3.57916025654515,-3.03543457219677,-0.831884021953506,4.26099859952124,3.47690748624935,-4.4368829220289,0.277473949472488,9.44827251696423,2.44189325430849,-11.6834846719345,-1.44849431142247,11.8436071017677,-4.34169747963816,3.99323365299039,6.57874219125487,-11.6081684677893,-5.53366414173436,-0.331379451507257,-5.14612040767334,-12.6023640862063,-1.15691249975496,-15.5942515767748,7.98553896604085,-4.68345286778906,-1.82916152115593,-6.98222820880049,7.35065490669429,8.03107539830038,-12.1547979123408,-22.1205444643731,6.19149222944482,-6.84953212077718,0.355120372513489,-11.6548747478699,2.77119186220477,-6.75642041569473,-18.4723705142554,-4.30075435067754,65.53233078015,8.75890554171084,-2.29050673630408,-15.0635807055475,4.44121458101201,2.54706183780279
2.3079966801457,0.567895570560468,3.52692820855937,-2.21384881447891,7.49151878289504,7.90779481116386,9.28395726624297,1.64927597895111,6.86411100112575,-6.08503430521117,-3.30895876690925,5.92902854445005,5.49551997684975,14.2786629190046,-0.564270283120637,2.72329312231795,-2.70588234195315,1.12980077975977,-1.89840123258846,-2.52601962615323,-5.46421309856907,3.26673979706425,-6.89558049142361,-1.7196952903037,7.71562038464067,-0.793542914106258,-0.502495241377611,0.747313528912835,-9.8864495276847,6.67792727129933,2.6497622606837,-6.32227056516716,-0.426367852921098,1.08023795577969,-1.36930467305872,-4.14609746767344,2.58340382258151,-13.6329278440846,-2.12010311997638,9.16988734785448,2.15875235946644,-0.432360130907211,-6.70612216615384,5.16231661922559,0.160455095033396,-4.9970639722408,-2.90087772892073,-11.3281319469062,-4.32494123107532,0.318971558059036,-9.95493850733314,-5.22266492166191,-12.4398006577892,-5.23095362081455,7.50840106281696,8.75890554171084,56.3306749419522,2.00339180610404,-8.27398484931805,5.12780547813721,-0.280864185824271
12.1070853869435,-1.05920045458566,-6.15089000029412,11.2527735342652,7.93495620858647,-18.9628881073503,-1.50174651771463,-6.39561137819271,-9.51785906076328,12.8770256515109,-15.7472902611114,0.535124770866589,-5.97447087789435,2.43590533280242,23.0989220523575,7.41099117263156,0.17552837802964,0.393618922886013,-4.73617599697869,1.26931166800792,-0.67460538928403,-9.60598150180667,6.72235631820914,-5.23132781481943,7.63798017009347,9.64421505279741,-3.70337679813334,12.7941195431871,0.407182301220953,-3.45369590845587,-13.0286812192401,3.9437657644033,-5.47517904334148,0.0437762972934485,10.4641822447097,-8.99141300595692,11.5160446720684,6.65056733119835,1.75529301266475,1.93333670129141,-3.00881867692664,7.55424920107897,-12.7062805811369,-3.75836247989575,8.28353954621222,-13.558339698169,-1.93834363031553,-21.9539489664709,13.8661317878763,-5.42820574932961,-1.87982681363297,9.8601868571967,6.92440814530505,15.4697007927687,-3.71449378290902,-2.29050673630408,2.00339180610404,77.1855157655908,0.705333799961905,9.24415745096372,-0.71340703128385
-4.72736400354746,4.10459144267806,1.22691071124359,-7.95077067916091,-1.44773833492359,3.43122721089634,3.06477540629981,6.34039318227485,-2.10905675981966,-7.16876401669387,8.40460929253176,-1.71278086708214,4.30812738470135,3.47851536143459,-7.74245798769575,-2.82859209505835,-5.9854518711447,-8.37450877908074,-1.2619215518047,4.46713716356976,-1.04713799816335,-9.49622395637939,2.4024835827922,1.28791004557832,-2.56103734660788,-3.7246328944243,4.01293729385091,2.82346972996511,3.51636323930338,4.05351082010471,3.1994013641715,1.78017003268145,-4.1770980960429,-4.17600494162221,4.6496492521236,11.7124032103746,-0.0921203204985546,-4.33695980919809,2.65335477519924,-8.06254236956915,-3.76879490249946,1.09541493750501,3.87435180361592,-3.62582953447338,0.0387295949202799,19.5897232782339,-6.12588532547065,-2.39031095347106,9.64539636066114,3.95564892626175,8.8188367398283,-4.08285525779765,6.09506854394252,6.43321833564646,-3.75813435275626,-15.0635807055475,-8.27398484931805,0.705333799961905,47.6298148255018,-4.302282574076,-1.18331950547852
4.90410077790613,15.6120686802199,-8.45745554386897,-8.40409777097901,-9.84928181484487,-19.5689093274466,-1.13840156422756,-4.18432191227362,-5.33287709677437,-0.690650762862697,5.98592399414304,-2.8087078549763,-15.2846548209676,-9.01920161540353,-11.4131252715945,21.7129651146857,-9.44785558647524,-21.4194637670843,6.48241313014129,0.714635524509729,0.405994962097901,11.77959859031,9.39173154733777,1.27363787898001,4.28813280428041,1.59503879409979,-3.47992225539829,-10.0143665209173,-10.5442434609707,-5.74282937136276,-7.98655423034207,10.0747541794683,-3.22987082132335,4.84025234700506,-4.16123144503565,-7.98444002701191,-7.98286633308132,-2.03411630136098,-0.608009160050113,-2.82185591471154,1.19395677516762,-21.0207537540511,-18.3916303851632,0.778425493704275,6.7772431312781,-13.8041265740819,1.12236329760457,11.2510557166468,-11.6173903126317,-15.3238955025976,0.638725701018899,-9.34118209708002,-18.5781022801501,10.0173439691709,-2.62360674064869,4.44121458101201,5.12780547813721,9.24415745096372,-4.302282574076,66.2555626434987,1.13903392623699
-0.491952539999467,0.406655286272398,1.08223736651699,1.14480564412793,-0.41265982016786,-2.17863845843904,0.377455024552456,-1.98464113847635,-0.854274550566715,0.931706903888481,-0.0561129149706073,-1.0169357454279,0.731954613276202,0.164792859457573,-1.21476779529537,-0.108259523440345,-0.810145660659359,-0.890231475169729,0.714067052772461,0.306360232529219,-1.30676130264123,1.10042315453108,-0.267062382875059,-1.14605565324838,1.20372099838794,0.525594852860011,0.869703645604789,-0.649038722149978,-0.223459350286328,1.88698233610819,-0.318619160634882,-2.28941811510363,-0.122681585651369,-0.0312159596580854,-1.1155383473974,-1.47376021220582,1.47689284916959,1.41328631338531,-1.82096823242875,0.609205434034476,-1.31557081243751,-0.235299776674991,-0.360272958286496,0.675599879339792,0.799479611077317,-1.79168468694531,0.764525380514098,0.383290818429886,1.56993734275745,1.32943171479885,0.200607515670054,-0.109803424607196,1.45595992795635,0.353575181535318,1.12328340999658,2.54706183780279,-0.280864185824271,-0.71340703128385,-1.18331950547852,1.13903392623699,139.772999310875
